current_path	legacy_path	kind	dictionary_class	status	current_bytes	current_lines	current_sha256	legacy_bytes	legacy_lines	legacy_sha256	note
data/wordlists/categories/adfs_short.txt	source/categories/adfs_short.txt	wordlist-category	typed-category	FINAL_LF_ONLY	3049	85	d527b19d5db7b1cc18d520f1d4fa01b5d2ed1aa3530e818c6df57e9f97655912	3048	85	0820623d9e8b185df71fb3bdc9b926c72df063ef1d3d8f50aed8e6696cf364d5	mapped to pinned source
data/wordlists/categories/admin_short.txt	source/categories/admin_short.txt	wordlist-category	typed-category	EXACT	102340	9392	62eca9f482798d6056c5de9d288af6d047f41a85380f7865053251f25f003d4d	102340	9392	62eca9f482798d6056c5de9d288af6d047f41a85380f7865053251f25f003d4d	mapped to pinned source
data/wordlists/categories/adminer_short.txt	source/categories/adminer_short.txt	wordlist-category	typed-category	EXACT	4392	195	863cd4b94a04bd8f783dbcdf8fe16ebb28a42f9ebae22b5251bea88d7ef2aa33	4392	195	863cd4b94a04bd8f783dbcdf8fe16ebb28a42f9ebae22b5251bea88d7ef2aa33	mapped to pinned source
data/wordlists/categories/adobe_exp_short.txt	source/categories/adobe_exp_short.txt	wordlist-category	typed-category	EXACT	3713906	126935	fe0bcc83dcca47a46d7daa5de7a2a09c819bfee3cf4b9871e512dd9a5fd5a064	3713906	126935	fe0bcc83dcca47a46d7daa5de7a2a09c819bfee3cf4b9871e512dd9a5fd5a064	mapped to pinned source
data/wordlists/categories/adobexml_short.txt	source/categories/adobexml_short.txt	wordlist-category	typed-category	EXACT	412	16	81a2104eedae88624cceac04200550acf4483bcb5ed269f3db86d6aeadc5dd47	412	16	81a2104eedae88624cceac04200550acf4483bcb5ed269f3db86d6aeadc5dd47	mapped to pinned source
data/wordlists/categories/all-dirs_short.txt	source/categories/all-dirs_short.txt	wordlist-category	typed-category	EXACT	52881	5959	07d6751057c331dbbebfcf4591f0d3ef87d5c5f784b28022732b832a47fb723c	52881	5959	07d6751057c331dbbebfcf4591f0d3ef87d5c5f784b28022732b832a47fb723c	mapped to pinned source
data/wordlists/categories/all-extensionless_short.txt	source/categories/all-extensionless_short.txt	wordlist-category	typed-category	EXACT	778	136	83a5474233d63c9f51e08feb6b6c4a609a3f525f0f9ec88f8813f42dcd1b7819	778	136	83a5474233d63c9f51e08feb6b6c4a609a3f525f0f9ec88f8813f42dcd1b7819	mapped to pinned source
data/wordlists/categories/alphanum-case_short.txt	source/categories/alphanum-case_short.txt	wordlist-category	typed-category	EXACT	124	62	fbc2273de3278608b0a40930d54d49ceff00c436034e4be5b17e06334281f835	124	62	fbc2273de3278608b0a40930d54d49ceff00c436034e4be5b17e06334281f835	mapped to pinned source
data/wordlists/categories/apache_short.txt	source/categories/apache_short.txt	wordlist-category	typed-category	EXACT	2494	98	0a4256ec2ebe2f77cf17d0e8f23e36574fc430ae758153638a232ea752f6736f	2494	98	0a4256ec2ebe2f77cf17d0e8f23e36574fc430ae758153638a232ea752f6736f	mapped to pinned source
data/wordlists/categories/api_actions_short.txt	source/categories/api_actions_short.txt	wordlist-category	typed-category	FINAL_LF_ONLY	2009	264	292b9edd5ca7de6e12b7d87b60ac2f799f0f1603c79361a560db781e67a60641	2008	264	6ab111386d7fb66042a9f02319d05ce381f287fa190578374ad0deaa14f86134	mapped to pinned source
data/wordlists/categories/api_objects-lowercase_short.txt	source/categories/api_objects-lowercase_short.txt	wordlist-category	typed-category	EXACT	545	82	481097f669a903f85979fad2d34be8dc4ead9828bcdecb7cde617948b3ccbd24	545	82	481097f669a903f85979fad2d34be8dc4ead9828bcdecb7cde617948b3ccbd24	mapped to pinned source
data/wordlists/categories/api_objects_short.txt	source/categories/api_objects_short.txt	wordlist-category	typed-category	FINAL_LF_ONLY	20851	3128	68f6fa76ce95a2081d22b59aac86fd8053b17ee1edc3c78f55867b0964c45dd9	20850	3128	172b1bcde2ddd53e39f37960ecde15f12b60bf70cebf48d243929b99cc7c78cc	mapped to pinned source
data/wordlists/categories/api_short.txt	source/categories/api_short.txt	wordlist-category	typed-category	FINAL_LF_ONLY	191872	9187	c5b6f33596bb570fcd89a8147b216591c178ec9be476c5243151f3b6f3aaf7c8	191871	9187	a208d83b9e37e6f8ff829f8f6cfff4e276704d31df641ec7b43e5b2ce42a9806	mapped to pinned source
data/wordlists/categories/apk_short.txt	source/categories/apk_short.txt	wordlist-category	typed-category	EXACT	368	20	9261d241aed1f31571a633122e9a403ff827e69cc86c007164a9c8c5f8051b2c	368	20	9261d241aed1f31571a633122e9a403ff827e69cc86c007164a9c8c5f8051b2c	mapped to pinned source
data/wordlists/categories/asax_short.txt	source/categories/asax_short.txt	wordlist-category	typed-category	EXACT	28	2	9739f753ada8a1d025bf00d6b305ecd8ee16450cd8c15abcb9a86507ee38ece0	28	2	9739f753ada8a1d025bf00d6b305ecd8ee16450cd8c15abcb9a86507ee38ece0	mapped to pinned source
data/wordlists/categories/ascx_short.txt	source/categories/ascx_short.txt	wordlist-category	typed-category	EXACT	1149	80	501f5569a01d4c307230b6d6f8a7a7702d50d26fefd369b24ec8474ca8c0c771	1149	80	501f5569a01d4c307230b6d6f8a7a7702d50d26fefd369b24ec8474ca8c0c771	mapped to pinned source
data/wordlists/categories/ashx_short.txt	source/categories/ashx_short.txt	wordlist-category	typed-category	EXACT	685	33	6b267fb9bac04faf4f4f85dc27c762c7aa2e97e015000f00996c84575dd0a7ce	685	33	6b267fb9bac04faf4f4f85dc27c762c7aa2e97e015000f00996c84575dd0a7ce	mapped to pinned source
data/wordlists/categories/asmx_short.txt	source/categories/asmx_short.txt	wordlist-category	typed-category	EXACT	2632	132	b7375de26e210b1dbc91fdf0f7beda9db22ef51f7eea4cb5ce88665068ec9790	2632	132	b7375de26e210b1dbc91fdf0f7beda9db22ef51f7eea4cb5ce88665068ec9790	mapped to pinned source
data/wordlists/categories/asp_short.txt	source/categories/asp_short.txt	wordlist-category	typed-category	EXACT	513067	23260	93f906bbe7a3b52ea971c674d4bc47110edc1f5feea73bc97b7e0f2c2cc1c02f	513067	23260	93f906bbe7a3b52ea971c674d4bc47110edc1f5feea73bc97b7e0f2c2cc1c02f	mapped to pinned source
data/wordlists/categories/axis_short.txt	source/categories/axis_short.txt	wordlist-category	typed-category	EXACT	240	17	3224f93d58637b2f32b0b0407f44f9dae09eda4411030a388b53248693e7e7d2	240	17	3224f93d58637b2f32b0b0407f44f9dae09eda4411030a388b53248693e7e7d2	mapped to pinned source
data/wordlists/categories/backdoors_short.txt	source/categories/backdoors_short.txt	wordlist-category	typed-category	EXACT	2541	189	8a4474c2890b0fca3a9291581a493f1180ff3ba4e38a9b4fcf622472ef650532	2541	189	8a4474c2890b0fca3a9291581a493f1180ff3ba4e38a9b4fcf622472ef650532	mapped to pinned source
data/wordlists/categories/bak_asset_short.txt	source/categories/bak_asset_short.txt	wordlist-category	typed-category	EXACT	258	14	17f1e84a2427de505cb136983eb6b8cc681bd8451b379f1c4f1e9e3e52e92955	258	14	17f1e84a2427de505cb136983eb6b8cc681bd8451b379f1c4f1e9e3e52e92955	mapped to pinned source
data/wordlists/categories/bak_short.txt	source/categories/bak_short.txt	wordlist-category	typed-category	FINAL_LF_ONLY	134927	5255	0c32fe298ef0fb5e7387eb1c79622efc5649f7418c977b49b306e7b6657366a4	134926	5255	ca835c0e2efe075e32f20439a182bd3e82e7d3fb96cf30d3f99eb227dc3e189f	mapped to pinned source
data/wordlists/categories/best110_short.txt	source/categories/best110_short.txt	wordlist-category	typed-category	EXACT	959	110	7823cab3ddd3c976f509c02c70ab227d9e020e08673a924faf877783eef165fe	959	110	7823cab3ddd3c976f509c02c70ab227d9e020e08673a924faf877783eef165fe	mapped to pinned source
data/wordlists/categories/big_short.txt	source/categories/big_short.txt	wordlist-category	typed-category	NORMALIZED_DOCUMENTED	21458	3024	18164836c975128856e33dec6047e4cab80a4d91faedd6880b61a5112887e0b3	21457	3024	25b252f0901ccb41ee1068128e0eed1511852f7889586c64127e3f46103c274e	Repaired one invalid replacement character to the verified UTF-8 spelling secció.
data/wordlists/categories/bot_control_panels_short.txt	source/categories/bot_control_panels_short.txt	wordlist-category	typed-category	FINAL_LF_ONLY	25188	1579	4728945072f863e635a2776048981b83af2b2fcd49da483b7b9e38782aae1e47	25187	1579	f18dbd0ef03d0f3cf20cded26d27c40a7c6c1dc633c2bb8c97a61f240a90b61a	mapped to pinned source
data/wordlists/categories/bsd-files_short.txt	source/categories/bsd-files_short.txt	wordlist-category	typed-category	FINAL_LF_ONLY	344	13	1a1c32bf45f61a5ad0154e9cb14a420abdd36823e3398f92eae056845ec61968	343	13	d9c94a363cb173abd0078ac1a173a49f14fe28726965b1b675f3bc8eb626af25	mapped to pinned source
data/wordlists/categories/burp-parameter-names_short.txt	source/categories/burp-parameter-names_short.txt	wordlist-category	typed-category	EXACT	19302	2588	8e49b1772eeb72cc7af4e7c6ca101bb8ae4551c08999eb66ae7787596db90625	19302	2588	8e49b1772eeb72cc7af4e7c6ca101bb8ae4551c08999eb66ae7787596db90625	mapped to pinned source
data/wordlists/categories/catala_short.txt	source/categories/catala_short.txt	wordlist-category	typed-category	EXACT	1292	161	5fd6f43600a706b84430b02ba3213b0ad6aab5e9125768c0d5ffae685dee613f	1292	161	5fd6f43600a706b84430b02ba3213b0ad6aab5e9125768c0d5ffae685dee613f	mapped to pinned source
data/wordlists/categories/cfm2_short.txt	source/categories/cfm2_short.txt	wordlist-category	typed-category	EXACT	266538	12100	b800e7ff4bb067b7b53b274c477399cbeec88e8a28ccc8de70350c3def6cf7c9	266538	12100	b800e7ff4bb067b7b53b274c477399cbeec88e8a28ccc8de70350c3def6cf7c9	mapped to pinned source
data/wordlists/categories/cfm_short.txt	source/categories/cfm_short.txt	wordlist-category	typed-category	EXACT	360	25	f8e48b52a370fcbaf313f19c2c77779425efdef889f8f302c00de9871e0ecf76	360	25	f8e48b52a370fcbaf313f19c2c77779425efdef889f8f302c00de9871e0ecf76	mapped to pinned source
data/wordlists/categories/cgi_pl_asset_short.txt	source/categories/cgi_pl_asset_short.txt	wordlist-category	typed-category	EXACT	45100	2637	5c99d4d7edc8085ba8c9a8e1a2eab70a8e18d6339e6ec9b9e8e52910771cdb07	45100	2637	5c99d4d7edc8085ba8c9a8e1a2eab70a8e18d6339e6ec9b9e8e52910771cdb07	mapped to pinned source
data/wordlists/categories/cgi_short.txt	source/categories/cgi_short.txt	wordlist-category	typed-category	EXACT	61752	2693	6394a0475e75053bed3c5e25c3cb8e4194969a9663867063a70e4e1cfe5968cf	61752	2693	6394a0475e75053bed3c5e25c3cb8e4194969a9663867063a70e4e1cfe5968cf	mapped to pinned source
data/wordlists/categories/cms_short.txt	source/categories/cms_short.txt	wordlist-category	typed-category	EXACT	6970266	131574	114a280aa8b7f0c8b904f6ac5ed7b19721bbc86e19c4a943f841dc8c8b3a9e36	6970266	131574	114a280aa8b7f0c8b904f6ac5ed7b19721bbc86e19c4a943f841dc8c8b3a9e36	mapped to pinned source
data/wordlists/categories/coldfusion_short.txt	source/categories/coldfusion_short.txt	wordlist-category	typed-category	FINAL_LF_ONLY	4296	132	4c0aa2db21d5fe34693d00c3129b8953c38c7f5941e138e5658e0f3f827eb806	4295	132	37f72db092d2c3a595a69c44214eeeec8566d175f168c99721f5a5d29f9d6cb6	mapped to pinned source
data/wordlists/categories/common-and-dutch_short.txt	source/categories/common-and-dutch_short.txt	wordlist-category	typed-category	EXACT	36086	4388	8f3fbeebb525adef01d46003ac58d4d3679b23dd159ae9af8e5d885f794e3c37	36086	4388	8f3fbeebb525adef01d46003ac58d4d3679b23dd159ae9af8e5d885f794e3c37	mapped to pinned source
data/wordlists/categories/common-and-french_short.txt	source/categories/common-and-french_short.txt	wordlist-category	typed-category	EXACT	38434	4906	99aa516d70a675478fd5e3ee4907229ffcdb7569ec9594d2008001fcb41355db	38434	4906	99aa516d70a675478fd5e3ee4907229ffcdb7569ec9594d2008001fcb41355db	mapped to pinned source
data/wordlists/categories/common-and-italian_short.txt	source/categories/common-and-italian_short.txt	wordlist-category	typed-category	EXACT	40318	5070	723c4aa004fc458ac9c372fdc4342bdd569eab20127e7fbe706e075f4399a15e	40318	5070	723c4aa004fc458ac9c372fdc4342bdd569eab20127e7fbe706e075f4399a15e	mapped to pinned source
data/wordlists/categories/common-and-portuguese_short.txt	source/categories/common-and-portuguese_short.txt	wordlist-category	typed-category	EXACT	38653	4940	1a618f78a82a5c5459c9836ed461b4783fc0bd84584696e0ae4a01200662942b	38653	4940	1a618f78a82a5c5459c9836ed461b4783fc0bd84584696e0ae4a01200662942b	mapped to pinned source
data/wordlists/categories/common-and-spanish_short.txt	source/categories/common-and-spanish_short.txt	wordlist-category	typed-category	EXACT	39018	4986	7600845f271823c4aa2fe7b8825b4c31a13848310164405edcae134b5f928185	39018	4986	7600845f271823c4aa2fe7b8825b4c31a13848310164405edcae134b5f928185	mapped to pinned source
data/wordlists/categories/common-api-endpoints_short.txt	source/categories/common-api-endpoints_short.txt	wordlist-category	typed-category	EXACT	1164	174	cd774e12b54e075ac7c34b95b9f2ad908461e0ae43c57fc82976020575adb059	1164	174	cd774e12b54e075ac7c34b95b9f2ad908461e0ae43c57fc82976020575adb059	mapped to pinned source
data/wordlists/categories/common-db-backups_short.txt	source/categories/common-db-backups_short.txt	wordlist-category	typed-category	EXACT	4407	324	e3454ed4927c406d2ab96dd1e0bc23d8cef7b797d4c2db4e6fcb3dfff9e4f437	4407	324	e3454ed4927c406d2ab96dd1e0bc23d8cef7b797d4c2db4e6fcb3dfff9e4f437	mapped to pinned source
data/wordlists/categories/common-methods_short.txt	source/categories/common-methods_short.txt	wordlist-category	typed-category	EXACT	734	101	ad74b7cea40dce04eba0c709b9566c0c220adb83641ea77421ceaf9fa73fe991	734	101	ad74b7cea40dce04eba0c709b9566c0c220adb83641ea77421ceaf9fa73fe991	mapped to pinned source
data/wordlists/categories/common_short.txt	source/categories/common_short.txt	wordlist-category	typed-category	FINAL_LF_ONLY	42123	4689	382e22a82791fea2f5d89109e3215a5461bf10b0bfc45541aa9b990ce2af2e27	42122	4689	8fde531e8ab422e3b32254866a84bb7b4d9a4f7b174f2359f25bb2c41f497d9b	mapped to pinned source
data/wordlists/categories/commonmethodnames_short.txt	source/categories/commonmethodnames_short.txt	wordlist-category	typed-category	EXACT	443	77	fb76b02d8f5e2558a2a9a2fb4d7afd82b2476026945ea197636c0aafed14a3a1	443	77	fb76b02d8f5e2558a2a9a2fb4d7afd82b2476026945ea197636c0aafed14a3a1	mapped to pinned source
data/wordlists/categories/conf_asset_short.txt	source/categories/conf_asset_short.txt	wordlist-category	typed-category	EXACT	293	19	c083e72bc86b00835fdf0e2fcff6b7cd437475ce80847d70741dfc02dab51eaa	293	19	c083e72bc86b00835fdf0e2fcff6b7cd437475ce80847d70741dfc02dab51eaa	mapped to pinned source
data/wordlists/categories/conf_short.txt	source/categories/conf_short.txt	wordlist-category	typed-category	EXACT	4514	216	596e5b062df20632f837f6abc83d29a2689c5c6f623311530b4757e4c5a23816	4514	216	596e5b062df20632f837f6abc83d29a2689c5c6f623311530b4757e4c5a23816	mapped to pinned source
data/wordlists/categories/config_short.txt	source/categories/config_short.txt	wordlist-category	typed-category	EXACT	1051	48	117a990c3b01e34f0f70747430c1f31464e8c7522e84f09eea675a8dc3b90a00	1051	48	117a990c3b01e34f0f70747430c1f31464e8c7522e84f09eea675a8dc3b90a00	mapped to pinned source
data/wordlists/categories/confluence-administration_short.txt	source/categories/confluence-administration_short.txt	wordlist-category	typed-category	EXACT	968	22	664bc856340c4f6527a938fe4e62bc6ee739b4b9ea02b64e19331caf9f99b679	968	22	664bc856340c4f6527a938fe4e62bc6ee739b4b9ea02b64e19331caf9f99b679	mapped to pinned source
data/wordlists/categories/copy_of_short.txt	source/categories/copy_of_short.txt	wordlist-category	typed-category	EXACT	43	5	e645bb4af6846ee448ad2dc40608e3a5ae3ac255ae31e010eba6f3d11e048c71	43	5	e645bb4af6846ee448ad2dc40608e3a5ae3ac255ae31e010eba6f3d11e048c71	mapped to pinned source
data/wordlists/categories/cpp_short.txt	source/categories/cpp_short.txt	wordlist-category	typed-category	EXACT	315	30	bbb4d4399411a93de04fbb257906c0fcefeeee89a297e4a2241cbcafba5c2fba	315	30	bbb4d4399411a93de04fbb257906c0fcefeeee89a297e4a2241cbcafba5c2fba	mapped to pinned source
data/wordlists/categories/csproj_short.txt	source/categories/csproj_short.txt	wordlist-category	typed-category	EXACT	2001	90	d35c858f0d1cf5d56cd6270f6eebfd7f601f04de25eaa6d7f279c063a5f8b580	2001	90	d35c858f0d1cf5d56cd6270f6eebfd7f601f04de25eaa6d7f279c063a5f8b580	mapped to pinned source
data/wordlists/categories/custom_mine_short.txt	source/categories/custom_mine_short.txt	wordlist-category	typed-category	FINAL_LF_ONLY	403692	19683	ea113a19a92f4dde86a0e826d5c63d96ef4f3887a8be18449f3f60be3406f34e	403691	19683	14f53023ae5f6e67a34713fe3c05068e72569b5ce9cbb348b94b6e468869f653	mapped to pinned source
data/wordlists/categories/dangerzone_a_short.txt	source/categories/dangerzone_a_short.txt	wordlist-category	typed-category	EXACT	11349	1410	4cb22f955a87a56c30a1f7347b7526e5c48b10055b648f8cd054a826b403e4f6	11349	1410	4cb22f955a87a56c30a1f7347b7526e5c48b10055b648f8cd054a826b403e4f6	mapped to pinned source
data/wordlists/categories/dangerzone_b_short.txt	source/categories/dangerzone_b_short.txt	wordlist-category	typed-category	EXACT	2166	305	0eb8c3cc0e255c891d870445b77e5e31016a51af9e32e0f515cc55ae5d551b21	2166	305	0eb8c3cc0e255c891d870445b77e5e31016a51af9e32e0f515cc55ae5d551b21	mapped to pinned source
data/wordlists/categories/db2_default_user_short.txt	source/categories/db2_default_user_short.txt	wordlist-category	typed-category	EXACT	41	5	ccf2a305d00ef6b6cce876bcb021afdfba2655c6c81b82ed8098d2eae8d6b2c0	41	5	ccf2a305d00ef6b6cce876bcb021afdfba2655c6c81b82ed8098d2eae8d6b2c0	mapped to pinned source
data/wordlists/categories/debug_short.txt	source/categories/debug_short.txt	wordlist-category	typed-category	EXACT	562	42	be22594f70b2c8ddf7fdfa702e8a74b10266c99d15f3afc01e91302b8a562362	562	42	be22594f70b2c8ddf7fdfa702e8a74b10266c99d15f3afc01e91302b8a562362	mapped to pinned source
data/wordlists/categories/default-web-root-directory-linux_short.txt	source/categories/default-web-root-directory-linux_short.txt	wordlist-category	typed-category	EXACT	197	13	2fd90b4a7a507481cca7d66fc8d9637508c517d0a18f16e49c312ed1ba050da6	197	13	2fd90b4a7a507481cca7d66fc8d9637508c517d0a18f16e49c312ed1ba050da6	mapped to pinned source
data/wordlists/categories/dir_short.txt	source/categories/dir_short.txt	wordlist-category	typed-category	EXACT	629113	58964	ce16d8791a8b812452f88cfcb5237d7e5fb47a7fbc5d598c9e00692d0c51e0b8	629113	58964	ce16d8791a8b812452f88cfcb5237d7e5fb47a7fbc5d598c9e00692d0c51e0b8	mapped to pinned source
data/wordlists/categories/dirbuster_short.txt	source/categories/dirbuster_short.txt	wordlist-category	typed-category	FINAL_LF_ONLY	71086	4188	4a946cf510c5fa2007038979c8402122bb834b7df55d48d3ef816c4b5e4e7e49	71085	4188	95e96f53ae32e204b9e8fe34e97238db043a210b27b34cd72b9a04733bb8dd4b	mapped to pinned source
data/wordlists/categories/directory_traversal_short.txt	source/categories/directory_traversal_short.txt	wordlist-category	typed-category	EXACT	1694	51	90cb6e5d5ad4eda686dbd333966540727609c6525fb2d3b2a93b81a8b7a0bb83	1694	51	90cb6e5d5ad4eda686dbd333966540727609c6525fb2d3b2a93b81a8b7a0bb83	mapped to pinned source
data/wordlists/categories/dirtraversal-nix_short.txt	source/categories/dirtraversal-nix_short.txt	wordlist-category	typed-category	EXACT	36376	272	ef96aaf170728be9b8efb21d62af53dd7bcf28f8762c5cb87a32a72a68f38751	36376	272	ef96aaf170728be9b8efb21d62af53dd7bcf28f8762c5cb87a32a72a68f38751	mapped to pinned source
data/wordlists/categories/dll_short.txt	source/categories/dll_short.txt	wordlist-category	typed-category	EXACT	4723	208	fcf0f91128e99f9b6808095f5479149c43971f1928b0a5f3fa53eb6098253aa5	4723	208	fcf0f91128e99f9b6808095f5479149c43971f1928b0a5f3fa53eb6098253aa5	mapped to pinned source
data/wordlists/categories/domino-dirs-coldfusion39_short.txt	source/categories/domino-dirs-coldfusion39_short.txt	wordlist-category	typed-category	EXACT	1234	68	e8c04e5fc71f8fb47a93ae03e89af878381d7334f7a013fb15f585d4df0fbb6d	1234	68	e8c04e5fc71f8fb47a93ae03e89af878381d7334f7a013fb15f585d4df0fbb6d	mapped to pinned source
data/wordlists/categories/domino-endpoints-coldfusion39_short.txt	source/categories/domino-endpoints-coldfusion39_short.txt	wordlist-category	typed-category	EXACT	7377	473	919abb0772100ffe9a2afe9d80cfaf7ec7ff934b042d344f01ff26e023b028bb	7377	473	919abb0772100ffe9a2afe9d80cfaf7ec7ff934b042d344f01ff26e023b028bb	mapped to pinned source
data/wordlists/categories/domino-files_short.txt	source/categories/domino-files_short.txt	wordlist-category	typed-category	EXACT	1415	114	e3c3ccc256a3466c806822bdd828860ac5928ef3241ccb6cb37075defad8af2e	1415	114	e3c3ccc256a3466c806822bdd828860ac5928ef3241ccb6cb37075defad8af2e	mapped to pinned source
data/wordlists/categories/dotfiles_short.txt	source/categories/dotfiles_short.txt	wordlist-category	typed-category	NORMALIZED_DOCUMENTED	18808	1346	e344a8b2bf66fc0524cbbfe223f3293e3f0b5605578fcedad6bed599e0557bbb	18810	1346	f97be3f21dc9446792e673c8760359447a46a35fc5751b48ca029f1f0f178728	Removed trailing whitespace from two entries while preserving their values.
data/wordlists/categories/drupal_short.txt	source/categories/drupal_short.txt	wordlist-category	typed-category	FINAL_LF_ONLY	37371	1064	27abdbc1ff9a196a0ec7bfc2f8ef057d723b20a1dfb77424f2e3b4856779dd37	37370	1064	82b38a3311f3a3c2a3c962c0e2149579118f51624318c10049aa0cd90fa19712	mapped to pinned source
data/wordlists/categories/ec2_short.txt	source/categories/ec2_short.txt	wordlist-category	typed-category	FINAL_LF_ONLY	931	33	3eaa2656c7d607cad376094e434071d311480bcb4b037d45986d959c927f41b1	930	33	93195d5b716bf2237cbb726fc6bb9815f9c967103f2cd2c5c0bc1570706d8f0c	mapped to pinned source
data/wordlists/categories/env_short.txt	source/categories/env_short.txt	wordlist-category	typed-category	FINAL_LF_ONLY	24494	1194	2add556186a62256023f481084201817cd29e762e1be94a8941231679b502802	24493	1194	20b069eed7d2079c7cbecaa6749b4a3e960ec094de2093dad0548f8edbaf1293	mapped to pinned source
data/wordlists/categories/error_short.txt	source/categories/error_short.txt	wordlist-category	typed-category	EXACT	1891	128	ea665e98c7f8a684346741320e2c5622b06387ef499ac010b6652baf3b8197b1	1891	128	ea665e98c7f8a684346741320e2c5622b06387ef499ac010b6652baf3b8197b1	mapped to pinned source
data/wordlists/categories/euskera_short.txt	source/categories/euskera_short.txt	wordlist-category	typed-category	EXACT	1473	197	b7f438c086f080c165deb7342f135b2ef6c792f461e0a4947a5d63e14a784e42	1473	197	b7f438c086f080c165deb7342f135b2ef6c792f461e0a4947a5d63e14a784e42	mapped to pinned source
data/wordlists/categories/extensions_short.txt	source/categories/extensions_short.txt	wordlist-category	typed-category	FINAL_LF_ONLY	999	176	d59ccf11d956b1d980770a4daec8e2986b047e5b6e1e22a7259273b2cdc011cf	998	176	145f265ecd76e351812f1a6005e747179b88c563d61f291e3c8a1f2e0c2cc0d0	mapped to pinned source
data/wordlists/categories/fatwire_short.txt	source/categories/fatwire_short.txt	wordlist-category	typed-category	EXACT	1838	99	590b7e64e6e7c8660ebc1f9995d5f8a7f6b0df7fefc65bd70c601c47884ba462	1838	99	590b7e64e6e7c8660ebc1f9995d5f8a7f6b0df7fefc65bd70c601c47884ba462	mapped to pinned source
data/wordlists/categories/fierce-hostlist_short.txt	source/categories/fierce-hostlist_short.txt	wordlist-category	typed-category	EXACT	14683	2280	9fc22e071a4938b2d4ced0c3125b7775a481e640fe543f20a63757a60ed93cf0	14683	2280	9fc22e071a4938b2d4ced0c3125b7775a481e640fe543f20a63757a60ed93cf0	mapped to pinned source
data/wordlists/categories/flyspray_short.txt	source/categories/flyspray_short.txt	wordlist-category	typed-category	EXACT	32768	892	a9d04a0a02bf656f58477fd6b06406a39e8b6084cac0124d3df180d3a603527c	32768	892	a9d04a0a02bf656f58477fd6b06406a39e8b6084cac0124d3df180d3a603527c	mapped to pinned source
data/wordlists/categories/fortune500names_short.txt	source/categories/fortune500names_short.txt	wordlist-category	typed-category	EXACT	4869	499	b16e55e2acf2e487186e22ca5b48fce5efd0e4dfc55be509a078b1e8576358db	4869	499	b16e55e2acf2e487186e22ca5b48fce5efd0e4dfc55be509a078b1e8576358db	mapped to pinned source
data/wordlists/categories/frontpage_short.txt	source/categories/frontpage_short.txt	wordlist-category	typed-category	FINAL_LF_ONLY	562	45	fadde6ad3e798f8d683bbf48c3d02881f1c8839cd4831505d3d7ea9946d32616	561	45	982967306ada90b1f159ea7b8237aa7b76fcbde38429429c41a8e76a90e59b58	mapped to pinned source
data/wordlists/categories/fuckyou_short.txt	source/categories/fuckyou_short.txt	wordlist-category	typed-category	EXACT	70961	6563	b50de2878540ef9f28ef97f96ad8d89e583d4f4f86f898cb6fabf72bee53442d	70961	6563	b50de2878540ef9f28ef97f96ad8d89e583d4f4f86f898cb6fabf72bee53442d	mapped to pinned source
data/wordlists/categories/fuzz-bo0om_short.txt	source/categories/fuzz-bo0om_short.txt	wordlist-category	typed-category	EXACT	62116	4271	02564ef1ee9b248b88b6130270d147e80321b3268a3dce61147eed3a7d2c2428	62116	4271	02564ef1ee9b248b88b6130270d147e80321b3268a3dce61147eed3a7d2c2428	mapped to pinned source
data/wordlists/categories/git_config_short.txt	source/categories/git_config_short.txt	wordlist-category	typed-category	EXACT	2888	147	3bda7164f6c9beb3d63163a0fcd26b8075b1038965f4398501f31dcce1738543	2888	147	3bda7164f6c9beb3d63163a0fcd26b8075b1038965f4398501f31dcce1738543	mapped to pinned source
data/wordlists/categories/golang_short.txt	source/categories/golang_short.txt	wordlist-category	typed-category	EXACT	2225	206	9732c4404f42093934820cef73bf96eabb0f89195e5b823f48691dd82211155c	2225	206	9732c4404f42093934820cef73bf96eabb0f89195e5b823f48691dd82211155c	mapped to pinned source
data/wordlists/categories/graphql_short.txt	source/categories/graphql_short.txt	wordlist-category	typed-category	FINAL_LF_ONLY	1770	113	4e9ce4df2c47a1bbc87c2ca776d1c342ab10087f5e01f549b0c3297087a2f501	1769	113	d3686fed35eb5069dc04cc8f1a4ce4cdc0316c09dfd01c5c14acba3399ad6a73	mapped to pinned source
data/wordlists/categories/gtld_short.txt	source/categories/gtld_short.txt	wordlist-category	typed-category	EXACT	8005	1169	359ebe72931334365f8dfc3a9c0ff7309e2426fc6f88209025a689c89a23cd6b	8005	1169	359ebe72931334365f8dfc3a9c0ff7309e2426fc6f88209025a689c89a23cd6b	mapped to pinned source
data/wordlists/categories/help_short.txt	source/categories/help_short.txt	wordlist-category	typed-category	EXACT	2279	147	44d9ccfe90036c712413826c66a8344d2f4df686fde3cb11873bd60498147111	2279	147	44d9ccfe90036c712413826c66a8344d2f4df686fde3cb11873bd60498147111	mapped to pinned source
data/wordlists/categories/htaccess_short.txt	source/categories/htaccess_short.txt	wordlist-category	typed-category	EXACT	1504	104	d7ddcc119dae71c3945d7a25c1d3e4fc9d0a84ece4afa8949ffb4b153fcf4236	1504	104	d7ddcc119dae71c3945d7a25c1d3e4fc9d0a84ece4afa8949ffb4b153fcf4236	mapped to pinned source
data/wordlists/categories/html_short.txt	source/categories/html_short.txt	wordlist-category	typed-category	EXACT	24696	1524	28aa8492073d9ac213eec5f2a41f9a5bffa92587d0aa6cf4f59751614e84dc99	24696	1524	28aa8492073d9ac213eec5f2a41f9a5bffa92587d0aa6cf4f59751614e84dc99	mapped to pinned source
data/wordlists/categories/http_default_users_short.txt	source/categories/http_default_users_short.txt	wordlist-category	typed-category	FINAL_LF_ONLY	100	14	c9a9ff08fc91c8e122fef287d4a3aedcbd8bd3243ab40810ced656866d85ab4f	99	14	68fc4711646f3cab6d3cd434e21cbab6ff3b84c6007aa7853567795f55e87b78	mapped to pinned source
data/wordlists/categories/http_owa_common_short.txt	source/categories/http_owa_common_short.txt	wordlist-category	typed-category	EXACT	100	9	7ae1cfdbc259556d90bb47c55f7dcbe4184bc7a83f7a48f7ef7e2b306a57027e	100	9	7ae1cfdbc259556d90bb47c55f7dcbe4184bc7a83f7a48f7ef7e2b306a57027e	mapped to pinned source
data/wordlists/categories/iis_short.txt	source/categories/iis_short.txt	wordlist-category	typed-category	EXACT	5552	259	f542663c814c16373f54c0197d8614dc7cadc3188dee18b525c2f29b8ac6b895	5552	259	f542663c814c16373f54c0197d8614dc7cadc3188dee18b525c2f29b8ac6b895	mapped to pinned source
data/wordlists/categories/inc_short.txt	source/categories/inc_short.txt	wordlist-category	typed-category	EXACT	16051	774	4f2e25d83f662eeea1e5342143a71b8a572899e6a276a8543638fba5d1fb7f84	16051	774	4f2e25d83f662eeea1e5342143a71b8a572899e6a276a8543638fba5d1fb7f84	mapped to pinned source
data/wordlists/categories/index_short.txt	source/categories/index_short.txt	wordlist-category	typed-category	FINAL_LF_ONLY	2551	185	ef005f401df7e556d696dbc95e861c472c0842a3711238a8ff5846001baa2297	2550	185	73ae4a4bda5e2556db94a1d731e71b8da836371d3dc816c0231e8ca64e835f9f	mapped to pinned source
data/wordlists/categories/ini_short.txt	source/categories/ini_short.txt	wordlist-category	typed-category	EXACT	3582	174	4a36ec7bdb73e399bf10c715cd03ff126d65e42beb027e1e250fd38d8973c71d	3582	174	4a36ec7bdb73e399bf10c715cd03ff126d65e42beb027e1e250fd38d8973c71d	mapped to pinned source
data/wordlists/categories/install_short.txt	source/categories/install_short.txt	wordlist-category	typed-category	EXACT	2167	139	551519cce87eef9cafeb345cbcc09505f37a2ba732771e4f783f44e02696cc89	2167	139	551519cce87eef9cafeb345cbcc09505f37a2ba732771e4f783f44e02696cc89	mapped to pinned source
data/wordlists/categories/interestingdirectories_short.txt	source/categories/interestingdirectories_short.txt	wordlist-category	typed-category	EXACT	54482	2917	5f607ae595ff4f9fac82975a63b5eea42e4c3b6645602eed019cd300318e2934	54482	2917	5f607ae595ff4f9fac82975a63b5eea42e4c3b6645602eed019cd300318e2934	mapped to pinned source
data/wordlists/categories/iplanet_short.txt	source/categories/iplanet_short.txt	wordlist-category	typed-category	EXACT	231	26	cef7feb783d892d0161a325d7898b62734c36b991351b120cd223e54890dc8a2	231	26	cef7feb783d892d0161a325d7898b62734c36b991351b120cd223e54890dc8a2	mapped to pinned source
data/wordlists/categories/iso_short.txt	source/categories/iso_short.txt	wordlist-category	typed-category	EXACT	5790	185	f2e4be308c69a8637a2caa5731fba236893dbcdbf394fc9be18ab5e6dad1ca92	5790	185	f2e4be308c69a8637a2caa5731fba236893dbcdbf394fc9be18ab5e6dad1ca92	mapped to pinned source
data/wordlists/categories/jar_short.txt	source/categories/jar_short.txt	wordlist-category	typed-category	EXACT	1945	111	618ba4a9f76d8413c361c51788234a88585499f1241099f0fbeed70c2cdccf01	1945	111	618ba4a9f76d8413c361c51788234a88585499f1241099f0fbeed70c2cdccf01	mapped to pinned source
data/wordlists/categories/java_short.txt	source/categories/java_short.txt	wordlist-category	typed-category	EXACT	7920	372	773a32762337bfcf672572aa968793361a59b5afb74d86737ff81dc1e2021fe8	7920	372	773a32762337bfcf672572aa968793361a59b5afb74d86737ff81dc1e2021fe8	mapped to pinned source
data/wordlists/categories/javaservlets-common_short.txt	source/categories/javaservlets-common_short.txt	wordlist-category	typed-category	EXACT	56	3	278d6b0f7b3d6f4f304c31324dad5383d35506a0e0b6747fee6cedd1a599c367	56	3	278d6b0f7b3d6f4f304c31324dad5383d35506a0e0b6747fee6cedd1a599c367	mapped to pinned source
data/wordlists/categories/jboss_short.txt	source/categories/jboss_short.txt	wordlist-category	typed-category	FINAL_LF_ONLY	417	20	335f35cf942705c2988ea1a99faecb18102e5efe235851dc24e544259b1c7d37	416	20	04b7ed2b8505498e9e0312b0c391957a2824ac3fa341ebac0f1d293eaf9844a7	mapped to pinned source
data/wordlists/categories/jenkins_short.txt	source/categories/jenkins_short.txt	wordlist-category	typed-category	EXACT	526	40	181ccbb56dbaeecdaff037f743c119d81f14b7a2ffb368e6f01076b6d4d699b2	526	40	181ccbb56dbaeecdaff037f743c119d81f14b7a2ffb368e6f01076b6d4d699b2	mapped to pinned source
data/wordlists/categories/jersey_short.txt	source/categories/jersey_short.txt	wordlist-category	typed-category	FINAL_LF_ONLY	2131	121	35c594a3a6e1b36e8f1aac7d22efe640f275aa6a1f9883243453a0e5af9b2306	2130	121	dc7f0e72648af2d398f375c61f7dcc91e21000f46d08751019b1f19298bc2966	mapped to pinned source
data/wordlists/categories/jmx-console-jboss_short.txt	source/categories/jmx-console-jboss_short.txt	wordlist-category	typed-category	EXACT	73727	515	5501cdabf5cceedef30cc5e328b86cc21f458e210af93ed62062bf5d31774dd7	73727	515	5501cdabf5cceedef30cc5e328b86cc21f458e210af93ed62062bf5d31774dd7	mapped to pinned source
data/wordlists/categories/joomla_short.txt	source/categories/joomla_short.txt	wordlist-category	typed-category	EXACT	256609	4994	6dcf15d76cac24be09c7d28047412dc9cda5fe64215c78ad8a09803f98c2fa1d	256609	4994	6dcf15d76cac24be09c7d28047412dc9cda5fe64215c78ad8a09803f98c2fa1d	mapped to pinned source
data/wordlists/categories/jrun_short.txt	source/categories/jrun_short.txt	wordlist-category	typed-category	FINAL_LF_ONLY	306	13	909c4b0e0fb9015dcdf8ee3ce9e0a05de5f9ad07eff2b6f7525ebda625b1bdd7	305	13	60410fd54b884995ae9ad6c00d795b45d79c875746b8e9f9b28a05264c0624dc	mapped to pinned source
data/wordlists/categories/jsp_jspa_do_action_asset_short.txt	source/categories/jsp_jspa_do_action_asset_short.txt	wordlist-category	typed-category	EXACT	375208	19632	415f055e5310c48b11a8ee4ce94413626ae2864eca6c64bd49bdba9b183ddcdd	375208	19632	415f055e5310c48b11a8ee4ce94413626ae2864eca6c64bd49bdba9b183ddcdd	mapped to pinned source
data/wordlists/categories/jsp_short.txt	source/categories/jsp_short.txt	wordlist-category	typed-category	EXACT	211	19	8ddb18558eda9d9b7fb23cd68acd558a6448c532024b54fd9223340cbfaa0b49	211	19	8ddb18558eda9d9b7fb23cd68acd558a6448c532024b54fd9223340cbfaa0b49	mapped to pinned source
data/wordlists/categories/juicy_short.txt	source/categories/juicy_short.txt	wordlist-category	typed-category	EXACT	957	70	300f964f2e637430266468305c6f7210ec940b1c5f72a1de90668b9d2f17e78b	957	70	300f964f2e637430266468305c6f7210ec940b1c5f72a1de90668b9d2f17e78b	mapped to pinned source
data/wordlists/categories/k8s_short.txt	source/categories/k8s_short.txt	wordlist-category	typed-category	EXACT	2216	120	a1deb31eef5d4f66e1f3cb7b2ec256fd14a166a662299f176d41a9d37c33ce75	2216	120	a1deb31eef5d4f66e1f3cb7b2ec256fd14a166a662299f176d41a9d37c33ce75	mapped to pinned source
data/wordlists/categories/keyboard-patterns_short.txt	source/categories/keyboard-patterns_short.txt	wordlist-category	typed-category	EXACT	177	20	fbf671e75163c6604e5dca3cdda176266339f36fc057431b084bf3a399e86222	177	20	fbf671e75163c6604e5dca3cdda176266339f36fc057431b084bf3a399e86222	mapped to pinned source
data/wordlists/categories/keys_short.txt	source/categories/keys_short.txt	wordlist-category	typed-category	EXACT	365	21	e7191dcc5ae423351d38729879d32d5c86b9b9900d8bd511b4aa68bb4d2cac99	365	21	e7191dcc5ae423351d38729879d32d5c86b9b9900d8bd511b4aa68bb4d2cac99	mapped to pinned source
data/wordlists/categories/kitchensinkdirectories_short.txt	source/categories/kitchensinkdirectories_short.txt	wordlist-category	typed-category	FINAL_LF_ONLY	18898	2345	4602815a73fc092522167e1bf83efeb709ad062033c9a9350420f9a305db770a	18897	2345	98fcb99f3fd8356faac1bb164adc8e3ac029344983d615c2c8605b9753d9d843	mapped to pinned source
data/wordlists/categories/lang-spanish_short.txt	source/categories/lang-spanish_short.txt	wordlist-category	typed-category	EXACT	3664	441	d9c09695abd8290163344ea23977f401c8788a89f0bf4767e463eec20ce35749	3664	441	d9c09695abd8290163344ea23977f401c8788a89f0bf4767e463eec20ce35749	mapped to pinned source
data/wordlists/categories/ldap_attributes_short.txt	source/categories/ldap_attributes_short.txt	wordlist-category	typed-category	EXACT	180	27	97cbbc3295d3b171677a415eebab7bb55d213476459d6ad76e96f07787ec37de	180	27	97cbbc3295d3b171677a415eebab7bb55d213476459d6ad76e96f07787ec37de	mapped to pinned source
data/wordlists/categories/letters_short.txt	source/categories/letters_short.txt	wordlist-category	typed-category	EXACT	78	26	b7028ee59eec106b715ddf655c60206a0c8ac77ab340999cc8e612b86ebf88c1	78	26	b7028ee59eec106b715ddf655c60206a0c8ac77ab340999cc8e612b86ebf88c1	mapped to pinned source
data/wordlists/categories/lfi-fd-check_short.txt	source/categories/lfi-fd-check_short.txt	wordlist-category	typed-category	FINAL_LF_ONLY	654	39	77982c0f4d07a85690e540fb7bf75e4fa2372fde2c4366264b00e41a066e135c	653	39	d63550b5ea087e381b90564923541e2dc1d1637229ed5697abc3cea113b0415c	mapped to pinned source
data/wordlists/categories/lfi-windowsfilecheck_short.txt	source/categories/lfi-windowsfilecheck_short.txt	wordlist-category	typed-category	EXACT	2037	69	97a5b81b6ee8a5fd35f3775eb7198db2631de1765ace3bacd30c71bf25349b2e	2037	69	97a5b81b6ee8a5fd35f3775eb7198db2631de1765ace3bacd30c71bf25349b2e	mapped to pinned source
data/wordlists/categories/lfi_short.txt	source/categories/lfi_short.txt	wordlist-category	typed-category	FINAL_LF_ONLY	35858	1342	bf745e0b9d3c7182fe3b3ccbee792450931500f977cc1963e4857b55c1016b27	35857	1342	bbb8c5f3cfab3d9ad222a0a41bc1782206d86815ac78f745e2039db3381af0ce	mapped to pinned source
data/wordlists/categories/log_short.txt	source/categories/log_short.txt	wordlist-category	typed-category	EXACT	110916	4823	4a3c6c29bde48f8bb169beb0c311107ec7dae0bab6558308b25aa46db70a347b	110916	4823	4a3c6c29bde48f8bb169beb0c311107ec7dae0bab6558308b25aa46db70a347b	mapped to pinned source
data/wordlists/categories/logins_short.txt	source/categories/logins_short.txt	wordlist-category	typed-category	FINAL_LF_ONLY	1307	105	c5939f7abcf2911628fe7e33689e372e5f9be9df95809c60041eae951c3d5a5d	1306	105	531c3ea9504785e70747840a5ce8b9260d415d6d5430fcc3a85be3fbd10921f9	mapped to pinned source
data/wordlists/categories/lotusnotes_short.txt	source/categories/lotusnotes_short.txt	wordlist-category	typed-category	EXACT	2810	206	5931efc85ac4b1ab8c6ec5c806eabc8c7376170829438515b99200cb0b47c466	2810	206	5931efc85ac4b1ab8c6ec5c806eabc8c7376170829438515b99200cb0b47c466	mapped to pinned source
data/wordlists/categories/lync_subdomains_short.txt	source/categories/lync_subdomains_short.txt	wordlist-category	typed-category	EXACT	84	10	f580f00c02f64c180542f8b689753bda8957f860f49a36fb2e0573c3b2fc21f7	84	10	f580f00c02f64c180542f8b689753bda8957f860f49a36fb2e0573c3b2fc21f7	mapped to pinned source
data/wordlists/categories/malicious_short.txt	source/categories/malicious_short.txt	wordlist-category	typed-category	EXACT	1088	94	de98c5fcdf166addbd01c632073b911765ccea0d8ccb9e98008e17baf0020e65	1088	94	de98c5fcdf166addbd01c632073b911765ccea0d8ccb9e98008e17baf0020e65	mapped to pinned source
data/wordlists/categories/mdb_short.txt	source/categories/mdb_short.txt	wordlist-category	typed-category	EXACT	84	8	9eabdb6c4ee2f31bef6bc3280fca1aa4501172e15ac8eb5c997645cf41e93282	84	8	9eabdb6c4ee2f31bef6bc3280fca1aa4501172e15ac8eb5c997645cf41e93282	mapped to pinned source
data/wordlists/categories/mdf_short.txt	source/categories/mdf_short.txt	wordlist-category	typed-category	EXACT	34	3	7da14fe530020da4f26aa36d0ab03809a468a2a0283cb34fff022a222df0321c	34	3	7da14fe530020da4f26aa36d0ab03809a468a2a0283cb34fff022a222df0321c	mapped to pinned source
data/wordlists/categories/medium_short.txt	source/categories/medium_short.txt	wordlist-category	typed-category	NORMALIZED_DOCUMENTED	11892	1659	4cfad785bd90bb52770ca6405559b372de96cade6c6840512704d60aec4554f0	11891	1659	27300d680a90c0589d796725f04e3695cd8e643d4b6083da772a93b74b533304	Repaired one invalid replacement character to the verified UTF-8 spelling secció.
data/wordlists/categories/microsoft_short.txt	source/categories/microsoft_short.txt	wordlist-category	typed-category	FINAL_LF_ONLY	1457	77	ad801e33d3a9f8fbbe6de6d903ede4960cea4f091d04fcb6c6e382206744ef67	1456	77	e1d6bf727906b5cc98a95189ab89a44ccee9a8ddd3bf699ec453bb6e3dd99d79	mapped to pinned source
data/wordlists/categories/modx-revolution_short.txt	source/categories/modx-revolution_short.txt	wordlist-category	typed-category	EXACT	8526	731	029a20c9fc407d67e1ecf38b0036f9769eb74c3555a92159c511ed1a2a393de3	8526	731	029a20c9fc407d67e1ecf38b0036f9769eb74c3555a92159c511ed1a2a393de3	mapped to pinned source
data/wordlists/categories/namelist_short.txt	source/categories/namelist_short.txt	wordlist-category	typed-category	EXACT	11957	1907	1431bb57ee064825615bd4c5e537b69f211a583f03e4938f06defb88d5cf04cb	11957	1907	1431bb57ee064825615bd4c5e537b69f211a583f03e4938f06defb88d5cf04cb	mapped to pinned source
data/wordlists/categories/names_sub_short.txt	source/categories/names_sub_short.txt	wordlist-category	typed-category	EXACT	910920	101010	77c3c9f7f387d8a5e7fed21c03532ea54e570a68fc23fa3477906e45537680c4	910920	101010	77c3c9f7f387d8a5e7fed21c03532ea54e570a68fc23fa3477906e45537680c4	mapped to pinned source
data/wordlists/categories/nginx_short.txt	source/categories/nginx_short.txt	wordlist-category	typed-category	EXACT	1129	81	5b944bb81efa8d91a5bda7396641c582a770ec68cc266872e1801ff478d7a24d	1129	81	5b944bb81efa8d91a5bda7396641c582a770ec68cc266872e1801ff478d7a24d	mapped to pinned source
data/wordlists/categories/npmrc_short.txt	source/categories/npmrc_short.txt	wordlist-category	typed-category	EXACT	4369	154	d1240416352de2c3eff94ffb0d812c4c2491ad6ea75e5044c7d440125e8cd935	4369	154	d1240416352de2c3eff94ffb0d812c4c2491ad6ea75e5044c7d440125e8cd935	mapped to pinned source
data/wordlists/categories/open_redirect_short.txt	source/categories/open_redirect_short.txt	wordlist-category	typed-category	FINAL_LF_ONLY	1191	29	989e66cba839c4a4e053f7a29ead74e85cdc8617ab588018c80d043cf22491c3	1190	29	1a78c927d18be59db11f8174496b2053131f262efdf0d9aa89ad77aa960e6141	mapped to pinned source
data/wordlists/categories/oracle_short.txt	source/categories/oracle_short.txt	wordlist-category	typed-category	EXACT	30022	1118	66ddaa69e80cf2c4c64ff2f3263210486c01fc043cb37d7c1712d9794cf04ca9	30022	1118	66ddaa69e80cf2c4c64ff2f3263210486c01fc043cb37d7c1712d9794cf04ca9	mapped to pinned source
data/wordlists/categories/parameters_short.txt	source/categories/parameters_short.txt	wordlist-category	typed-category	FINAL_LF_ONLY	40793	4683	22885499385bccea5e48862400e45e70f4d46529f4d5f7707d8d77065384ae0f	40792	4683	ccdefe2ff1ac438a36ecb3cc7f0a65e6854375e152e8c9c849bae303a26977da	mapped to pinned source
data/wordlists/categories/passwords_short.txt	source/categories/passwords_short.txt	wordlist-category	typed-category	EXACT	539	47	3abf5ec9d0f7fbaafa84dfdf3d817890d7057af5e97e6217d233e4b07e99a6ac	539	47	3abf5ec9d0f7fbaafa84dfdf3d817890d7057af5e97e6217d233e4b07e99a6ac	mapped to pinned source
data/wordlists/categories/pcap-strings_short.txt	source/categories/pcap-strings_short.txt	wordlist-category	typed-category	EXACT	118	13	b9d6e32944b0a0df468f0d466e689550cc42bc75acfa47aa7b644c8f75641acb	118	13	b9d6e32944b0a0df468f0d466e689550cc42bc75acfa47aa7b644c8f75641acb	mapped to pinned source
data/wordlists/categories/pdb_short.txt	source/categories/pdb_short.txt	wordlist-category	typed-category	FINAL_LF_ONLY	2827	112	868e4d464fb7c385e2abf649ea5ded707d2636ec6f89b416c1cfcc0b862770f9	2826	112	e92b9d5849c75b26b8fd47c4945584ead471d112f3184d7f9373ea38075fb45c	mapped to pinned source
data/wordlists/categories/pdf_short.txt	source/categories/pdf_short.txt	wordlist-category	typed-category	EXACT	425962	16646	dd9a1b2ac20ac02457d500cd184dbfdd4203ae1a70ab5738c4aed1e432085e7d	425962	16646	dd9a1b2ac20ac02457d500cd184dbfdd4203ae1a70ab5738c4aed1e432085e7d	mapped to pinned source
data/wordlists/categories/peoplesoft_short.txt	source/categories/peoplesoft_short.txt	wordlist-category	typed-category	FINAL_LF_ONLY	408	58	7490a83d33d7d0897aac23738153c79d8af56cfe71c637197963caaa2690ae24	407	58	d6a5610c4de0708fe2ddf80bbcc0608c0880bdb765232df519afa16bccead9d7	mapped to pinned source
data/wordlists/categories/perl-files_short.txt	source/categories/perl-files_short.txt	wordlist-category	typed-category	EXACT	38998	1472	09bab845f47c8f05732c96ef7484b907249d0188761d5fcf15a0b45f43f6a77f	38998	1472	09bab845f47c8f05732c96ef7484b907249d0188761d5fcf15a0b45f43f6a77f	mapped to pinned source
data/wordlists/categories/php_myadmin_short.txt	source/categories/php_myadmin_short.txt	wordlist-category	typed-category	FINAL_LF_ONLY	3954	200	e5f60a880a57b1731646aa98ec7d19de4b4968a58e82c2af09273977d84f968e	3953	200	e24baa440f0d0b45b58acf9b5d8637cc513979e6872409d334130017a7d184ec	mapped to pinned source
data/wordlists/categories/php_short.txt	source/categories/php_short.txt	wordlist-category	typed-category	EXACT	1592480	69738	0b1bc7010ba1f30ff38fe487f84bfdb3cb2cae89b80d8bfab60476d1c348d085	1592480	69738	0b1bc7010ba1f30ff38fe487f84bfdb3cb2cae89b80d8bfab60476d1c348d085	mapped to pinned source
data/wordlists/categories/phpunit_short.txt	source/categories/phpunit_short.txt	wordlist-category	typed-category	EXACT	74082	1126	14286508080c70e9a9ec6775f35ff0bf52582a884c7c6f62c215f4ad58a392e6	74082	1126	14286508080c70e9a9ec6775f35ff0bf52582a884c7c6f62c215f4ad58a392e6	mapped to pinned source
data/wordlists/categories/pl_short.txt	source/categories/pl_short.txt	wordlist-category	typed-category	EXACT	1940	135	29635ea7c0587320b953f2d560c1f45d02e333583f9cd4bd2473520fe061aa82	1940	135	29635ea7c0587320b953f2d560c1f45d02e333583f9cd4bd2473520fe061aa82	mapped to pinned source
data/wordlists/categories/pods_short.txt	source/categories/pods_short.txt	wordlist-category	typed-category	EXACT	3076010	89100	0ec0ea89b975e29cfd4e34b2616b35db01408850d1e20ffce537fbb4be10da20	3076010	89100	0ec0ea89b975e29cfd4e34b2616b35db01408850d1e20ffce537fbb4be10da20	mapped to pinned source
data/wordlists/categories/properties_short.txt	source/categories/properties_short.txt	wordlist-category	typed-category	EXACT	2923	117	185671cd3bba911ba5685e67cbdd21a26e9173cf18b9dfe5efd42b33569abb17	2923	117	185671cd3bba911ba5685e67cbdd21a26e9173cf18b9dfe5efd42b33569abb17	mapped to pinned source
data/wordlists/categories/proxy-conf_short.txt	source/categories/proxy-conf_short.txt	wordlist-category	typed-category	EXACT	368	31	089df0d5f9b740281c4fb754b02bcfc8247cb355f6b5d165dd53ad802906fe87	368	31	089df0d5f9b740281c4fb754b02bcfc8247cb355f6b5d165dd53ad802906fe87	mapped to pinned source
data/wordlists/categories/py_short.txt	source/categories/py_short.txt	wordlist-category	typed-category	EXACT	703	64	a067e92efc9f80a34c7e64cd1259dd65ffff42146c4bc9296daab14185f71775	703	64	a067e92efc9f80a34c7e64cd1259dd65ffff42146c4bc9296daab14185f71775	mapped to pinned source
data/wordlists/categories/quickhits_short.txt	source/categories/quickhits_short.txt	wordlist-category	typed-category	EXACT	37628	2433	d300dee215a352d175b44f43d254714b49e415ab16c9bcae789600f8d130ddf1	37628	2433	d300dee215a352d175b44f43d254714b49e415ab16c9bcae789600f8d130ddf1	mapped to pinned source
data/wordlists/categories/raft-medium-directories_short.txt	source/categories/raft-medium-directories_short.txt	wordlist-category	typed-category	NORMALIZED_DOCUMENTED	259564	30839	c8b0e762814da9a02e849a536ea379effb54f5a7248df1a5d662e6c183d3deb3	259565	30839	4e80f6d0d23f3dfa1b12cacafbf91d52522bde1ce47df5f2d41f6cdfceb948f8	Repaired one U+001F control byte in error_log to the intended underscore.
data/wordlists/categories/raft-medium-files_short.txt	source/categories/raft-medium-files_short.txt	wordlist-category	typed-category	EXACT	241717	18259	eb4a9a0e82b8a1e9a4fc9475626e8c72e0b720d69f611246486e1645da637214	241717	18259	eb4a9a0e82b8a1e9a4fc9475626e8c72e0b720d69f611246486e1645da637214	mapped to pinned source
data/wordlists/categories/raft-medium-words_short.txt	source/categories/raft-medium-words_short.txt	wordlist-category	typed-category	EXACT	553749	65647	5a7bb41e5fc045823202580acd2b7a5653a377e6a7124fa3729933fd52899603	553749	65647	5a7bb41e5fc045823202580acd2b7a5653a377e6a7124fa3729933fd52899603	mapped to pinned source
data/wordlists/categories/rails_short.txt	source/categories/rails_short.txt	wordlist-category	typed-category	EXACT	24163	1679	3e7372cd171de408d3b05008d477348050d39fa463ad92a22b4450140dd62936	24163	1679	3e7372cd171de408d3b05008d477348050d39fa463ad92a22b4450140dd62936	mapped to pinned source
data/wordlists/categories/randomfiles_short.txt	source/categories/randomfiles_short.txt	wordlist-category	typed-category	EXACT	269	24	f0c870a3e898e57ea7ebd785f714f91523480487df82c12d6ba6699743b02c81	269	24	f0c870a3e898e57ea7ebd785f714f91523480487df82c12d6ba6699743b02c81	mapped to pinned source
data/wordlists/categories/rb_short.txt	source/categories/rb_short.txt	wordlist-category	typed-category	EXACT	1162	72	904d83171cfc9af72cafed265af2b265868864279fe07f1f6c60e1e4591dc92f	1162	72	904d83171cfc9af72cafed265af2b265868864279fe07f1f6c60e1e4591dc92f	mapped to pinned source
data/wordlists/categories/readme_short.txt	source/categories/readme_short.txt	wordlist-category	typed-category	EXACT	419	28	9972d73fbdacf2b20a85fba69b69fe84f6fdc947aba47b34bbf8afa2d50c0550	419	28	9972d73fbdacf2b20a85fba69b69fe84f6fdc947aba47b34bbf8afa2d50c0550	mapped to pinned source
data/wordlists/categories/reallysafe_short.txt	source/categories/reallysafe_short.txt	wordlist-category	typed-category	FINAL_LF_ONLY	45089	1620	9eefe29d6a9019f840041bedd07d21f80b76c7bfc87b076ada6b86a391e9c6f4	45088	1620	b12b8a3b5310b49ad01924a7c052e3009772227e4bd3f137f791b79365451939	mapped to pinned source
data/wordlists/categories/resx_short.txt	source/categories/resx_short.txt	wordlist-category	typed-category	EXACT	918	60	5bd3084210bb54e89d3145ab2d16f26d7f0dcb91e7b77bcae45155f81bbcc0a2	918	60	5bd3084210bb54e89d3145ab2d16f26d7f0dcb91e7b77bcae45155f81bbcc0a2	mapped to pinned source
data/wordlists/categories/reverse-proxy-inconsistencies_short.txt	source/categories/reverse-proxy-inconsistencies_short.txt	wordlist-category	typed-category	EXACT	328	24	9eb32761953dc0d6403719a79230e5ea832c7669cbd7693acfa5b90bb70c641a	328	24	9eb32761953dc0d6403719a79230e5ea832c7669cbd7693acfa5b90bb70c641a	mapped to pinned source
data/wordlists/categories/robotsdisallowed_short.txt	source/categories/robotsdisallowed_short.txt	wordlist-category	typed-category	EXACT	27175	1955	4aec1e29afd52b534d79071ed6a6f46f30b7e8ad51b5856f5cc24173101d25b5	27175	1955	4aec1e29afd52b534d79071ed6a6f46f30b7e8ad51b5856f5cc24173101d25b5	mapped to pinned source
data/wordlists/categories/root_short.txt	source/categories/root_short.txt	wordlist-category	typed-category	EXACT	115	12	d176465f88dcdc0968e811bc72dac283ceeb7ff0942800fd83b9ef53dd44760a	115	12	d176465f88dcdc0968e811bc72dac283ceeb7ff0942800fd83b9ef53dd44760a	mapped to pinned source
data/wordlists/categories/ror_short.txt	source/categories/ror_short.txt	wordlist-category	typed-category	FINAL_LF_ONLY	2439	121	4c3ee205d7bafc3441ffc26dd49f1e451c3272a76768c76b0727bfc32b2de98a	2438	121	a1bd7ee87cd11c9a6ae83150d65dab928a7b3d849223924cdf3ba1caeb472411	mapped to pinned source
data/wordlists/categories/ruby_rails_short.txt	source/categories/ruby_rails_short.txt	wordlist-category	typed-category	FINAL_LF_ONLY	2319	121	fbfa8038a38249502a8b149f3148b3f170eed25bb867a97812fceaa9af91261c	2318	121	39f631aae376c18b0fdd3cbe9a9e9374fb7f42dfe2ead61a443449fa24422f5e	mapped to pinned source
data/wordlists/categories/sap_short.txt	source/categories/sap_short.txt	wordlist-category	typed-category	EXACT	4569	165	db6678d7f07f77ff9f5e13bdcd35b526a49d82919edd467b5dcac500657694ce	4569	165	db6678d7f07f77ff9f5e13bdcd35b526a49d82919edd467b5dcac500657694ce	mapped to pinned source
data/wordlists/categories/session-id_short.txt	source/categories/session-id_short.txt	wordlist-category	typed-category	EXACT	103	11	bb6ecf28674a6d41450032a74296e7c2304a0370538a9ce90c79b6d4c12a02ae	103	11	bb6ecf28674a6d41450032a74296e7c2304a0370538a9ce90c79b6d4c12a02ae	mapped to pinned source
data/wordlists/categories/setup_short.txt	source/categories/setup_short.txt	wordlist-category	typed-category	EXACT	515	39	f2d92ff620ea249dbe4e636f7c568b7925b670235aef6151688e29504c5dc325	515	39	f2d92ff620ea249dbe4e636f7c568b7925b670235aef6151688e29504c5dc325	mapped to pinned source
data/wordlists/categories/sh_short.txt	source/categories/sh_short.txt	wordlist-category	typed-category	EXACT	794	59	a874d611823a56f33ff7452f0c8af5d724ff34399a0f56f166eab8242efca64d	794	59	a874d611823a56f33ff7452f0c8af5d724ff34399a0f56f166eab8242efca64d	mapped to pinned source
data/wordlists/categories/sharepoint_short.txt	source/categories/sharepoint_short.txt	wordlist-category	typed-category	EXACT	45245	1745	e7f97c642cfae855fe3a92050c55b77e0ff775491596f8e080e61f25896ac1b2	45245	1745	e7f97c642cfae855fe3a92050c55b77e0ff775491596f8e080e61f25896ac1b2	mapped to pinned source
data/wordlists/categories/shells_short.txt	source/categories/shells_short.txt	wordlist-category	typed-category	FINAL_LF_ONLY	1547	160	f233608c0b38f61d02242e2edc4e16574717c4697ae1244c56d8812415b12059	1546	160	248ac0ea1fe31477fb018f248681f42e4783aefde50e7c702bec385acf0729cb	mapped to pinned source
data/wordlists/categories/shopware_short.txt	source/categories/shopware_short.txt	wordlist-category	typed-category	EXACT	65	5	763090fa0a63ef01bd7b6bafebdb46178eb8d03aa873251282813937b9c57c87	65	5	763090fa0a63ef01bd7b6bafebdb46178eb8d03aa873251282813937b9c57c87	mapped to pinned source
data/wordlists/categories/simple-check_short.txt	source/categories/simple-check_short.txt	wordlist-category	typed-category	FINAL_LF_ONLY	44	3	7526a0331b36bf88c3203a44559641eb083aebcd94c8cdd203b256e6e86483b3	43	3	eb0fb6f138acfc8548d52fb66a3163b172afcd291d96d3fab56f9cdc96ffceea	mapped to pinned source
data/wordlists/categories/sitecore_short.txt	source/categories/sitecore_short.txt	wordlist-category	typed-category	FINAL_LF_ONLY	854	42	09bc41fbb4308f666609e70d90387d91be6651356c25e03c8b8cfecf72cd92ea	853	42	2575e96f402b9852df87cb72a96c8a678fc5c428a9f81cbed47f885640e4d0ed	mapped to pinned source
data/wordlists/categories/sitefinity_short.txt	source/categories/sitefinity_short.txt	wordlist-category	typed-category	FINAL_LF_ONLY	5439	159	f95e25c567c86a0b7420e24ccf7bd1a492e455a8500057bc16bf3266bfcabe5d	5438	159	58149d832876a08a6ed72cf807afc3b7b908b8a747853f76c70c10811750f28e	mapped to pinned source
data/wordlists/categories/siteminder_short.txt	source/categories/siteminder_short.txt	wordlist-category	typed-category	FINAL_LF_ONLY	365	19	dee3c766abeb5b5a089682d285a89b4050992491607f62869b6f35bbc13a56e3	364	19	0eb78467644a12b6f90b02662ae6d3364fcdcfd515c6ecd4e52c6b5b8ee108d7	mapped to pinned source
data/wordlists/categories/sln_short.txt	source/categories/sln_short.txt	wordlist-category	typed-category	FINAL_LF_ONLY	142	12	261e3154d6a39652fd8ba6a246c05b081a3ccbda59863344331c79703d0fbb44	141	12	3df22899e85f732586b7b1059a1abd5df70ec21faeded3075156dadd2055c9f7	mapped to pinned source
data/wordlists/categories/small_short.txt	source/categories/small_short.txt	wordlist-category	typed-category	FINAL_LF_ONLY	6548	958	cb1106b382fb57cc91164ef75919b4b5ce03d02abb4b260046deec8e40fc1064	6547	958	53b80678bd801c93586325470beab39ded44c09385f4641f97514f50f9e81a1c	mapped to pinned source
data/wordlists/categories/source_short.txt	source/categories/source_short.txt	wordlist-category	typed-category	FINAL_LF_ONLY	21	4	c0324dfc9664a3914862fee314f689b55bc47ae12bd9d5c1b658b462e4d39d0a	20	4	5d78166e907d578ed84ed2e6d694027af94b6da681f29b7884852498dacf49e3	mapped to pinned source
data/wordlists/categories/springboot_short.txt	source/categories/springboot_short.txt	wordlist-category	typed-category	FINAL_LF_ONLY	4256	275	0d8cc7dd623a55063df8e11b4c760a1120c09035f1e1caba2aed8cfcf22c159d	4255	275	086f40c9c8386e6860bfcd6d139fb98dcc90255aa7fe1f2ec29a89fdcf432539	mapped to pinned source
data/wordlists/categories/sql_short.txt	source/categories/sql_short.txt	wordlist-category	typed-category	EXACT	18127	845	36a5b7338497fa184752e0eac7c305fdf61f86f3318decc4feb24f3d5018eafc	18127	845	36a5b7338497fa184752e0eac7c305fdf61f86f3318decc4feb24f3d5018eafc	mapped to pinned source
data/wordlists/categories/subdomains_short.txt	source/categories/subdomains_short.txt	wordlist-category	typed-category	EXACT	3767549	401099	693911609fb9417becab3f2e828ce058aba0ab4a3ac05d13f001b2ddc92f8d4b	3767549	401099	693911609fb9417becab3f2e828ce058aba0ab4a3ac05d13f001b2ddc92f8d4b	mapped to pinned source
data/wordlists/categories/sunappserverglassfish_short.txt	source/categories/sunappserverglassfish_short.txt	wordlist-category	typed-category	FINAL_LF_ONLY	917	51	c84fa65c86782e25f2d14736513af28ce368cf0c0177e334143297d7a72639a2	916	51	41e61d1ddac55a9f5896dcde7b537440845891185869f8260cbd1d83e9f35e0a	mapped to pinned source
data/wordlists/categories/sunas_short.txt	source/categories/sunas_short.txt	wordlist-category	typed-category	EXACT	970	52	6fac38fc6ed7ccd945f6def2a023287c5783cd75728e9d650206e7d59090895b	970	52	6fac38fc6ed7ccd945f6def2a023287c5783cd75728e9d650206e7d59090895b	mapped to pinned source
data/wordlists/categories/suniplanet_short.txt	source/categories/suniplanet_short.txt	wordlist-category	typed-category	FINAL_LF_ONLY	228	25	1ec764d7f45caba1be3cde07a95238db904ab5e4ffe81991c070fef33822bbde	227	25	f40a595a6926b242917ee175a43ae4f11c541c3059466e901f6bcf3acafa706a	mapped to pinned source
data/wordlists/categories/svc_short.txt	source/categories/svc_short.txt	wordlist-category	typed-category	EXACT	5884	276	86df9d54493769f0644217e10d368c9cfb0b39af7adaa947fb7c281bc3fff88d	5884	276	86df9d54493769f0644217e10d368c9cfb0b39af7adaa947fb7c281bc3fff88d	mapped to pinned source
data/wordlists/categories/swagger_short.txt	source/categories/swagger_short.txt	wordlist-category	typed-category	EXACT	737	47	a3b26e3fb81490827178a25e1bd87bf319fd41cc1d62f59c9eacfcde2d9cde3c	737	47	a3b26e3fb81490827178a25e1bd87bf319fd41cc1d62f59c9eacfcde2d9cde3c	mapped to pinned source
data/wordlists/categories/swf_short.txt	source/categories/swf_short.txt	wordlist-category	typed-category	FINAL_LF_ONLY	1800	125	58c1702b576025c18738f331799c327dfe4e22f60edc56431c1df3daa6cb94b1	1799	125	ed7af06c054c2060832c7e5e27f4c9fa03af3a183ce27dda65332c3d2754ad8d	mapped to pinned source
data/wordlists/categories/symfony_short.txt	source/categories/symfony_short.txt	wordlist-category	typed-category	FINAL_LF_ONLY	23567	590	4b3334350f48e049169fb7b0d11cf53cd5db3575b0a23ccb5ee9c08c45f6404a	23566	590	d5e91d38c93beff847f4247ef31b4c5578cfd94cc67c31a994ad1c54a4a87cef	mapped to pinned source
data/wordlists/categories/test_short.txt	source/categories/test_short.txt	wordlist-category	typed-category	FINAL_LF_ONLY	921	114	5908b36b02116cb26f972ead893bb7f15d88f71570b07edf01bfcfadd3066b58	920	114	3472f0c2df1157b16e53859cc1395d68ccc6899979384a55920d48653a4c1659	mapped to pinned source
data/wordlists/categories/tftp_short.txt	source/categories/tftp_short.txt	wordlist-category	typed-category	EXACT	1288	77	b85445c75eabca5dd3a0b2ea436c2b9a9674e21ccfa0db129440a88ec2f4cd67	1288	77	b85445c75eabca5dd3a0b2ea436c2b9a9674e21ccfa0db129440a88ec2f4cd67	mapped to pinned source
data/wordlists/categories/tomcat_short.txt	source/categories/tomcat_short.txt	wordlist-category	typed-category	EXACT	4400	128	e7dbe09b113f3d68268cf2af6e040f4dc2382c4e9634bcbd4235c4757f0662d9	4400	128	e7dbe09b113f3d68268cf2af6e040f4dc2382c4e9634bcbd4235c4757f0662d9	mapped to pinned source
data/wordlists/categories/top-usernames_short.txt	source/categories/top-usernames_short.txt	wordlist-category	typed-category	EXACT	112	17	dc44775d12dcdb4027017623ffaa935a018944839ce4b204ccb0c6ef566db5dd	112	17	dc44775d12dcdb4027017623ffaa935a018944839ce4b204ccb0c6ef566db5dd	mapped to pinned source
data/wordlists/categories/top100000_short.txt	source/categories/top100000_short.txt	wordlist-category	typed-category	EXACT	1823836	99992	f7cd490689ab851d05989c46e718f5ad9e6fb7472d2e663a7c19a0caaa1a35ae	1823836	99992	f7cd490689ab851d05989c46e718f5ad9e6fb7472d2e663a7c19a0caaa1a35ae	mapped to pinned source
data/wordlists/categories/top10000_short.txt	source/categories/top10000_short.txt	wordlist-category	typed-category	FINAL_LF_ONLY	174197	9621	d547a67b39011693db8e6aed280072371b6d934e09f1f8c7b8c3d1f0041b7f6c	174196	9621	e46cddc058bc2705a47bb9947676378340fcc770f269926d8e51e33476119e47	mapped to pinned source
data/wordlists/categories/toplist_short.txt	source/categories/toplist_short.txt	wordlist-category	typed-category	FINAL_LF_ONLY	43367	5281	d2a06e932a77115933babd4e4ad67b2f37c3da281de54c1c504850150cde8cd2	43366	5281	2159c26ceb7af1dd309f5d8e4325c931eb3cd1d589bbb8700a171fda8fc06fde	mapped to pinned source
data/wordlists/categories/tpl_short.txt	source/categories/tpl_short.txt	wordlist-category	typed-category	EXACT	12906	854	54beb1292b1d76d72bc9762d68bf6cf6990e59ac4cb2ab1debca0311a5f39eab	12906	854	54beb1292b1d76d72bc9762d68bf6cf6990e59ac4cb2ab1debca0311a5f39eab	mapped to pinned source
data/wordlists/categories/txt_asset_short.txt	source/categories/txt_asset_short.txt	wordlist-category	typed-category	EXACT	142224	6260	fc19ca55db13690a63e07f378ffda90db2313e3f5e93f810b36156f3ce89aca8	142224	6260	fc19ca55db13690a63e07f378ffda90db2313e3f5e93f810b36156f3ce89aca8	mapped to pinned source
data/wordlists/categories/umbraco_short.txt	source/categories/umbraco_short.txt	wordlist-category	typed-category	FINAL_LF_ONLY	34862	770	b299a4dd03caa2fc06cbb141a5b08fecc4c4931dbee8dd8318e7448d3e43ef10	34861	770	e437a4384a0a65f436bb1919e955f8e7ea8a16fd9e51cb7abbf4e25417f0e3f8	mapped to pinned source
data/wordlists/categories/unix_users_short.txt	source/categories/unix_users_short.txt	wordlist-category	typed-category	FINAL_LF_ONLY	1275	168	f17bb5b66bffd3c2d3f52b6c1478df644ee7aea0e6f3fd0c1de4b7fb985b7c93	1274	168	9fbaa0c5df69c283956471bc028c104ef658da3bc6ff18a259aec1dc58d5623f	mapped to pinned source
data/wordlists/categories/unixdotfiles_short.txt	source/categories/unixdotfiles_short.txt	wordlist-category	typed-category	FINAL_LF_ONLY	548	38	0f25f0cc848b2945bb7e7a4788dd34ae32e922b2b54b49e30ba99819a2d8d5b2	547	38	792d87b53305613c4d1123af28d19f333446f536c7325126febb79c10cb1175d	mapped to pinned source
data/wordlists/categories/upload_variants_short.txt	source/categories/upload_variants_short.txt	wordlist-category	typed-category	FINAL_LF_ONLY	579	43	3500280d07177b11a17ea2a7f0df21be0d96b2423f15197e360de78ecfe0cd15	578	43	9c80a709d5b08218eb24fa9cfa472252ceef3f5a913ac7ab4fb40436ea7648c4	mapped to pinned source
data/wordlists/categories/uri-fuzzing-list_short.txt	source/categories/uri-fuzzing-list_short.txt	wordlist-category	typed-category	FINAL_LF_ONLY	931	154	0a4121f7a5cb754556643b5655ac54d86579c0a57e529f2215bf6bdb4393223d	930	154	3166a4c86ccf90e9cfef759596979f5b491fcf9ca6d37036f94ae1e8799bc80a	mapped to pinned source
data/wordlists/categories/urls-drupal_short.txt	source/categories/urls-drupal_short.txt	wordlist-category	typed-category	EXACT	37225	1055	865e764a98ce337936403156a662a97b6f64fd237c3826a9cd4b16a4d7b7a5d3	37225	1055	865e764a98ce337936403156a662a97b6f64fd237c3826a9cd4b16a4d7b7a5d3	mapped to pinned source
data/wordlists/categories/urls-sap_short.txt	source/categories/urls-sap_short.txt	wordlist-category	typed-category	EXACT	4209	151	ad9e0e2e6715b6ab2241fb955e260366c176a3c5c7d45e7322d66f48284c3437	4209	151	ad9e0e2e6715b6ab2241fb955e260366c176a3c5c7d45e7322d66f48284c3437	mapped to pinned source
data/wordlists/categories/user-smart_short.txt	source/categories/user-smart_short.txt	wordlist-category	typed-category	EXACT	2700	373	8c99c3f4560805e1ac0c3a9e3b1be07a6959ee17e5fd041e1c68729b5e62cd14	2700	373	8c99c3f4560805e1ac0c3a9e3b1be07a6959ee17e5fd041e1c68729b5e62cd14	mapped to pinned source
data/wordlists/categories/vb_short.txt	source/categories/vb_short.txt	wordlist-category	typed-category	FINAL_LF_ONLY	572	40	0c706c6a64429b67ad5f8726efca33173a31dc5e76ac223d7baf0181c6061560	571	40	b9482c1b11cd62cc986b160c8765853a7bcd43f56563e890789249bea039758c	mapped to pinned source
data/wordlists/categories/vignette_short.txt	source/categories/vignette_short.txt	wordlist-category	typed-category	EXACT	549	75	f697470fd236c54fdabc40caa1d4c41a706970b1a9d726f3718b06ce28d06e1e	549	75	f697470fd236c54fdabc40caa1d4c41a706970b1a9d726f3718b06ce28d06e1e	mapped to pinned source
data/wordlists/categories/vulnerability_discovery_short.txt	source/categories/vulnerability_discovery_short.txt	wordlist-category	typed-category	EXACT	261576	9496	d98afe03548af871f3ad0caa466750cfdc58b4507be0230709b631742b10175b	261576	9496	d98afe03548af871f3ad0caa466750cfdc58b4507be0230709b631742b10175b	mapped to pinned source
data/wordlists/categories/web-files_short.txt	source/categories/web-files_short.txt	wordlist-category	typed-category	FINAL_LF_ONLY	225	14	40575e48013b959d47a71834b8b5c72e67107bfe01ac11e9fa60b8799f860d2a	224	14	d1423c01b17889c3cd615ea568567780d250a601442eeac7a1fcc0ee223d71c5	mapped to pinned source
data/wordlists/categories/web-inf_short.txt	source/categories/web-inf_short.txt	wordlist-category	typed-category	EXACT	11630	343	4ffa193d1e53d06032be1e490622e14293abbb741ba8d72dec2729dbdca2bcac	11630	343	4ffa193d1e53d06032be1e490622e14293abbb741ba8d72dec2729dbdca2bcac	mapped to pinned source
data/wordlists/categories/webconfig_short.txt	source/categories/webconfig_short.txt	wordlist-category	typed-category	EXACT	3223	172	e3bad1b7561635e4ee19f603a439adcfe3c93fac5a6321a43bcd0aa06d00f057	3223	172	e3bad1b7561635e4ee19f603a439adcfe3c93fac5a6321a43bcd0aa06d00f057	mapped to pinned source
data/wordlists/categories/weblogic_short.txt	source/categories/weblogic_short.txt	wordlist-category	typed-category	EXACT	7378	369	43b1830a45d0235fabe4db11e1fa1ac8253f8fb581c1f9f6ff5d58fed65ae13e	7378	369	43b1830a45d0235fabe4db11e1fa1ac8253f8fb581c1f9f6ff5d58fed65ae13e	mapped to pinned source
data/wordlists/categories/websphere_short.txt	source/categories/websphere_short.txt	wordlist-category	typed-category	EXACT	13063	576	7eba28fc4b3fe6d00d21a050ed6755a30277e8a4ab2c592ef642f35fd2c213d1	13063	576	7eba28fc4b3fe6d00d21a050ed6755a30277e8a4ab2c592ef642f35fd2c213d1	mapped to pinned source
data/wordlists/categories/wellknown_short.txt	source/categories/wellknown_short.txt	wordlist-category	typed-category	FINAL_LF_ONLY	681	30	b9f60bd295e497a7d6aa65f37f259ec4bfe3bea047738e3c0a7f8607955fdbd5	680	30	835aac59ee0beb3fb002e8084ea7451bda5f0a0c32dc410471a322cf012369c9	mapped to pinned source
data/wordlists/categories/windows-asp_short.txt	source/categories/windows-asp_short.txt	wordlist-category	typed-category	FINAL_LF_ONLY	3774	291	76d18838fdd5071719cff62dc425f854947bbed83184ca0b9bef0f58f0a1c212	3773	291	95d1ac59b3b6d7c898172979b6c2d3471678378d35f0fd7b0b38846554034265	mapped to pinned source
data/wordlists/categories/windows-aspx_short.txt	source/categories/windows-aspx_short.txt	wordlist-category	typed-category	EXACT	18383	921	a5e6e1c96dbbb5a59fc3b4c8894be0f1eb171c72a9d6f2b9ceea0e0e505f16c7	18383	921	a5e6e1c96dbbb5a59fc3b4c8894be0f1eb171c72a9d6f2b9ceea0e0e505f16c7	mapped to pinned source
data/wordlists/categories/windows_cgi_short.txt	source/categories/windows_cgi_short.txt	wordlist-category	typed-category	EXACT	1436	66	b250f934083cf6adf561775e8c8805f64a5489a6f022cac4842f00c82471dbe0	1436	66	b250f934083cf6adf561775e8c8805f64a5489a6f022cac4842f00c82471dbe0	mapped to pinned source
data/wordlists/categories/wordlist-alphanumeric_short.txt	source/categories/wordlist-alphanumeric_short.txt	wordlist-category	typed-category	EXACT	124	62	fbc2273de3278608b0a40930d54d49ceff00c436034e4be5b17e06334281f835	124	62	fbc2273de3278608b0a40930d54d49ceff00c436034e4be5b17e06334281f835	mapped to pinned source
data/wordlists/categories/wordlist_short.txt	source/categories/wordlist_short.txt	wordlist-category	typed-category	FINAL_LF_ONLY	22842	3432	6dc0cc989214d205c5425b29d44069bc5b057416e0e682c804a3939c3944c029	22841	3432	f58c936bc31fdf61523f4b3b64e4040e801c264a88ffddd79532d88bc3f0188d	mapped to pinned source
data/wordlists/categories/wordpress-random_short.txt	source/categories/wordpress-random_short.txt	wordlist-category	typed-category	EXACT	25676	338	b00e40380820de0bb2acb52dd378dc489598d3f8aeb175ac3fbfd6b6758afacb	25676	338	b00e40380820de0bb2acb52dd378dc489598d3f8aeb175ac3fbfd6b6758afacb	mapped to pinned source
data/wordlists/categories/wordpress_short.txt	source/categories/wordpress_short.txt	wordlist-category	typed-category	EXACT	50273	1094	fc33256379c131c839ac89796b3b3787be901857a6cd13eff56be389dcb73d45	50273	1094	fc33256379c131c839ac89796b3b3787be901857a6cd13eff56be389dcb73d45	mapped to pinned source
data/wordlists/categories/wp_common_theme_files_short.txt	source/categories/wp_common_theme_files_short.txt	wordlist-category	typed-category	EXACT	560	45	498796b1aae712eccd44158dfee94aa3658a39df168f8519a4daa72f97db55f2	560	45	498796b1aae712eccd44158dfee94aa3658a39df168f8519a4daa72f97db55f2	mapped to pinned source
data/wordlists/categories/ws-dirs_short.txt	source/categories/ws-dirs_short.txt	wordlist-category	typed-category	FINAL_LF_ONLY	452	48	d116abd50f3169c926775c6f5680407a24c0a511d92a89ae9e81481d8da65e68	451	48	bca695afb0fd4a4f4461e45c50d2659e1dd99d31a3c31e3d648eb3311ff761b3	mapped to pinned source
data/wordlists/categories/wsdl_short.txt	source/categories/wsdl_short.txt	wordlist-category	typed-category	EXACT	158	9	e9de817745bb04ad0503c374026d6c2110cd56aaacf8b8ce8cc60dad09c17447	158	9	e9de817745bb04ad0503c374026d6c2110cd56aaacf8b8ce8cc60dad09c17447	mapped to pinned source
data/wordlists/categories/xml_asset_short.txt	source/categories/xml_asset_short.txt	wordlist-category	typed-category	EXACT	172553	8969	bb0fe8883d8e1e5be6ffcf523be5095942a1503fef6f0d9fdd5cad7a91369f69	172553	8969	bb0fe8883d8e1e5be6ffcf523be5095942a1503fef6f0d9fdd5cad7a91369f69	mapped to pinned source
data/wordlists/categories/xml_short.txt	source/categories/xml_short.txt	wordlist-category	typed-category	FINAL_LF_ONLY	19294	1334	a106366c0cd8079d19a2f1abe41144f184a33925c7b65c229e16c8b582909675	19293	1334	069e4d7db37c02faae35f475dd60fe0273ad3121d8fb8e36b58e6af054c53598	mapped to pinned source
data/wordlists/categories/yaml_short.txt	source/categories/yaml_short.txt	wordlist-category	typed-category	EXACT	6531	337	1af7a9c18f2c344fe425dc569351153b74a69b978c4be9f8240e53161f4be023	6531	337	1af7a9c18f2c344fe425dc569351153b74a69b978c4be9f8240e53161f4be023	mapped to pinned source
data/wordlists/categories/zi3000_short.txt	source/categories/zi3000_short.txt	wordlist-category	typed-category	EXACT	90434	6956	cbeaad7d19c90e37cbab073d063726a03897717a689e0213776d623154e2c818	90434	6956	cbeaad7d19c90e37cbab073d063726a03897717a689e0213776d623154e2c818	mapped to pinned source
data/wordlists/categories/zip_short.txt	source/categories/zip_short.txt	wordlist-category	typed-category	EXACT	71548	3956	b3c32a02e83873adae1bf389230de1720eaaf544bb491b6bffff0d1b5d0c9c09	71548	3956	b3c32a02e83873adae1bf389230de1720eaaf544bb491b6bffff0d1b5d0c9c09	mapped to pinned source
data/wordlists/web-micro.txt	source/dictionary-micro.txt	wordlist-aggregate	directory-micro	EXACT	558272	37708	5f79de69de28cc172fb335635f1006e337772ddbb98fb846d398009e00818746	558272	37708	5f79de69de28cc172fb335635f1006e337772ddbb98fb846d398009e00818746	mapped to pinned source
data/wordlists/web-short.txt	source/dictionary-short.txt	wordlist-aggregate	directory-short	NORMALIZED_DOCUMENTED	38691214	2031231	20684b5a4a38f4c669be5cf6e4f99f7cdf192e6abf406292e7dfcea15b48f0da	38888519	2032825	cabd3c58dc3de24ba3d18ac6ea5ff20e0bcdf352a915609f4f55bf46c9b0ebb1	Removed the bounded embedded GitHub HTML page and empty lines from the legacy aggregate; all non-empty entries are retained.
data/wordlists/long-corpus/part.7z.001	source/long-part.7z.001	wordlist-archive	directory-long	EXACT	51380224	200732	c62294db1c4544175fe69933d17d2f5a1639d9f3f5d125c163a9c4055e939907	51380224	200732	c62294db1c4544175fe69933d17d2f5a1639d9f3f5d125c163a9c4055e939907	exact compressed long corpus part from pinned source
data/wordlists/long-corpus/part.7z.002	source/long-part.7z.002	wordlist-archive	directory-long	EXACT	51380224	201151	df9cf6300f7c7c651a464b685b1c5afe5facf5c794dc66663d5e131dce89d5db	51380224	201151	df9cf6300f7c7c651a464b685b1c5afe5facf5c794dc66663d5e131dce89d5db	exact compressed long corpus part from pinned source
data/wordlists/long-corpus/part.7z.003	source/long-part.7z.003	wordlist-archive	directory-long	EXACT	51380224	200519	7c1899e770ebbce04e98dabad5ce8ad31140c66221f5623e7db0bc5b43256629	51380224	200519	7c1899e770ebbce04e98dabad5ce8ad31140c66221f5623e7db0bc5b43256629	exact compressed long corpus part from pinned source
data/wordlists/long-corpus/part.7z.004	source/long-part.7z.004	wordlist-archive	directory-long	EXACT	51380224	201485	34df549f14f2324227cd5c94c5756a7dd1b5ccea319cee0bbcf30d36d41f0335	51380224	201485	34df549f14f2324227cd5c94c5756a7dd1b5ccea319cee0bbcf30d36d41f0335	exact compressed long corpus part from pinned source
data/wordlists/long-corpus/part.7z.005	source/long-part.7z.005	wordlist-archive	directory-long	EXACT	51380224	199734	91796cc3fef60ad0003d0c023827cd7294ff725886de59860b265888b48929c6	51380224	199734	91796cc3fef60ad0003d0c023827cd7294ff725886de59860b265888b48929c6	exact compressed long corpus part from pinned source
data/wordlists/long-corpus/part.7z.006	source/long-part.7z.006	wordlist-archive	directory-long	EXACT	23039439	89702	fc5a3cf2d13ff42717ac1a007d9cd30b3e69b9f02f5db9b4c694b964fab82b2b	23039439	89702	fc5a3cf2d13ff42717ac1a007d9cd30b3e69b9f02f5db9b4c694b964fab82b2b	exact compressed long corpus part from pinned source
data/wordlists/range.paths.txt	-	wordlist-native	device-path	AH_PUCH_NATIVE	612	82	3a6cd543fc56f4ef39c387c56daaa70f0740e00124d88915d7a20b4dc5c736b1	0	0	-	native project path corpus; no external comparison
data/payloads/command_injection.txt	source/payloads/command_injection.txt	typed-payload	typed-payload	EXACT	21475	529	0436fb42202b9260549226392593ec908358abcf671813f589400c818f5dd534	21475	529	0436fb42202b9260549226392593ec908358abcf671813f589400c818f5dd534	mapped to pinned source
data/payloads/crlf.txt	source/payloads/crlf.txt	typed-payload	typed-payload	EXACT	25716	275	cd814b45c0916cf72aaa0e96b0deecf3f33501e7cdb9f3a5eb3c7d4f018119f6	25716	275	cd814b45c0916cf72aaa0e96b0deecf3f33501e7cdb9f3a5eb3c7d4f018119f6	mapped to pinned source
data/payloads/lfi_linux.txt	source/payloads/lfi_linux.txt	typed-payload	typed-payload	EXACT	33964	1226	d2d2dadbfdd6b9f058c3b9eea3a59ea03fc5c170fe55275a11f9576f400e2de3	33964	1226	d2d2dadbfdd6b9f058c3b9eea3a59ea03fc5c170fe55275a11f9576f400e2de3	mapped to pinned source
data/payloads/lfi_win.txt	source/payloads/lfi_win.txt	typed-payload	typed-payload	EXACT	9280	259	de020c9eae1438b24d7858910f4af1a42f066129b908dde201623240a2c9d638	9280	259	de020c9eae1438b24d7858910f4af1a42f066129b908dde201623240a2c9d638	mapped to pinned source
data/payloads/sqli.txt	source/payloads/sqli.txt	typed-payload	typed-payload	NORMALIZED_DOCUMENTED	1978701	22670	ea9d6913347236c437415db45024171548072ccdca13380aab565ac8ac356fc4	2330439	32684	1febc86fd47e6e64b6ebd8dc356ddde6b53abf29bd4aa01498050aad0c5e6ea4	Removed two legacy control prefixes, empty lines, and the appended Python/database artifact; retained the payload corpus before the artifact boundary.
data/payloads/ssti.txt	source/payloads/ssti.txt	typed-payload	typed-payload	EXACT	10508	175	d4bb1d4f03d59c482034a214e0325b7461575d08e168732520c7869eb2e32071	10508	175	d4bb1d4f03d59c482034a214e0325b7461575d08e168732520c7869eb2e32071	mapped to pinned source
data/payloads/xss.txt	source/payloads/xss.txt	typed-payload	typed-payload	NORMALIZED_DOCUMENTED	816678	9625	0d5d2535dd338abedd481b90dc0b15bd0162dcbfafa52c6ecb1bf795ebefac79	2398553	27436	f4a7c709844a5f5c67333ce12b6e6427bda7f8631e9ed7e5d404b4208898ca88	Retained the payload prefix before the legacy CWS binary artifact boundary.
data/credentials/ssh-audit-users.txt	credential-audit-reference/wordlists/ssh-audit-users.txt	credential-wordlist	ssh-username	EXACT	5229	727	2800178bf533ae2a4ca844d6fed3ea5e02b3e9cfda1adf136d7a3a6891beed56	5229	727	2800178bf533ae2a4ca844d6fed3ea5e02b3e9cfda1adf136d7a3a6891beed56	exact private corpus from pinned credential source 3ebc88f2bc06a377b6b08e3776be95a91d5233ec
data/credentials/ssh-audit-passwords.txt	credential-audit-reference/wordlists/ssh-audit-passwords.txt	credential-wordlist	ssh-password	EXACT	1728722	209397	5d571eb76e83e9cf065d8d1624199ef6fad293480a74c97a768c233d11dc539a	1728722	209397	5d571eb76e83e9cf065d8d1624199ef6fad293480a74c97a768c233d11dc539a	exact private corpus from pinned credential source 3ebc88f2bc06a377b6b08e3776be95a91d5233ec
